e55d122382d1ddc971ea02acc2832c3ec1ee242fe70f10479ad5d0238bd9cab742fbffa023c16048600c0abcc356bed6b2b3c7c79ea653e342bfa113f4af7911,,01/31/2020 09:55:00 AM,30,NO CONTROLS,OTHER,CLOUDY/OVERCAST,DAYLIGHT,TURNING,DIVIDED - W/MEDIAN (NOT RAISED),,STRAIGHT AND LEVEL,WET,NO DEFECTS,ON SCENE,INJURY AND / OR TOW DUE TO CRASH,,,,"OVER $1,500",01/31/2020 10:00:00 AM,UNABLE TO DETERMINE,NOT APPLICABLE,3850,S,WALLACE ST,915.0,,,,,,,2,NO INDICATION OF INJURY,0.0,0.0,0.0,0.0,0.0,2.0,0.0,9,6,1,41.823838104,-87.641215619,POINT (-87.641215618943 41.823838103928)
bd2e0fe6571e2b1f484b8ec812d3fb3545926e7ba27328ba39156f7a4c1ad8ff2a49a0cc90f0439b7080ce743f20b6b61d535c0ebab91101ac9812f66236afe0,,08/14/2018 08:10:00 AM,30,NO CONTROLS,NO CONTROLS,CLEAR,DAYLIGHT,SIDESWIPE SAME DIRECTION,NOT DIVIDED,4.0,STRAIGHT AND LEVEL,DRY,UNKNOWN,NOT ON SCENE (DESK REPORT),NO INJURY / DRIVE AWAY,,,,$500 OR LESS,08/14/2018 01:00:00 PM,UNABLE TO DETERMINE,UNABLE TO DETERMINE,5199,N,BROADWAY,2033.0,,,,,,,2,NO INDICATION OF INJURY,0.0,0.0,0.0,0.0,0.0,2.0,0.0,8,3,8,41.976279754,-87.659718128,POINT (-87.659718128027 41.976279753891)
f12eb9760007aa8d2afb64d7a7666784b45d4731949f57ca08cc9fe7bd946ac943266df336717b1390d4b021f71ba98d7578d0cfa25241adc17518beb5179585,,05/07/2018 11:00:00 AM,25,STOP SIGN/FLASHER,FUNCTIONING PROPERLY,CLEAR,DAYLIGHT,TURNING,NOT DIVIDED,0.0,STRAIGHT AND LEVEL,DRY,NO DEFECTS,ON SCENE,NO INJURY / DRIVE AWAY,Y,,,"$501 - $1,500",05/07/2018 11:10:00 AM,FAILING TO YIELD RIGHT-OF-WAY,FAILING TO YIELD RIGHT-OF-WAY,6200,N,HOYNE AVE,2413.0,,,,,,,2,NO INDICATION OF INJURY,0.0,0.0,0.0,0.0,0.0,2.0,0.0,11,2,5,41.994312035,-87.682539124,POINT (-87.682539124168 41.994312035434)
fd5bcf02882dc5aee6fed3f6624d18adddeb2e893eeec202ef462cf08288d690afa4549ab36e23a0aa3121ae33b5ade473c728434e539d33a3751f06ae94f7fc,Y,01/20/2020 02:00:00 AM,20,NO CONTROLS,NO CONTROLS,UNKNOWN,DARKNESS,PARKED MOTOR VEHICLE,ONE-WAY,,STRAIGHT AND LEVEL,SNOW OR SLUSH,UNKNOWN,ON SCENE,NO INJURY / DRIVE AWAY,,,Y,"OVER $1,500",01/20/2020 01:18:00 PM,UNABLE TO DETERMINE,NOT APPLICABLE,7918,S,AVALON AVE,411.0,,,,,,,2,NO INDICATION OF INJURY,0.0,0.0,0.0,0.0,0.0,1.0,0.0,2,2,1,41.750796895,-87.594404191,POINT (-87.594404190971 41.75079689493)
43f0dc48c14dbf476e460b9fd4b795fde7b2ecdac960e5257c730ac1318b9b85e62e190a50ba2dab94dcfc5f30ac8b507324fd657663950423f93eeb894da323,N,05/04/2019 12:00:00 PM,20,NO CONTROLS,NO CONTROLS,CLEAR,DAYLIGHT,PARKED MOTOR VEHICLE,ONE-WAY,,STRAIGHT AND LEVEL,DRY,NO DEFECTS,,NO INJURY / DRIVE AWAY,,,Y,"OVER $1,500",05/04/2019 02:30:00 PM,IMPROPER BACKING,UNABLE TO DETERMINE,4834,W,ST PAUL AVE,2533.0,,,,,,,2,NO INDICATION OF INJURY,0.0,0.0,0.0,0.0,0.0,1.0,0.0,12,7,5,41.912464504,-87.747351313,POINT (-87.747351313062 41.912464504023)
abe45582f694df25297d1ad155387dab48ecf6003c43a9d8176c9f6549bb15577e72bf91259c675e45cedcb20b1c397e9b9dc5f299feb508adcec3bdbdc97a59,,01/26/2018 04:00:00 PM,30,NO CONTROLS,NO CONTROLS,CLEAR,DAYLIGHT,ANGLE,NOT DIVIDED,,STRAIGHT AND LEVEL,DRY,NO DEFECTS,,NO INJURY / DRIVE AWAY,,,,"OVER $1,500",01/26/2018 06:23:00 PM,NOT APPLICABLE,NOT APPLICABLE,4400,S,KEDZIE AVE,821.0,,,,,,,2,NO INDICATION OF INJURY,0.0,0.0,0.0,0.0,0.0,4.0,0.0,16,6,1,41.813484035,-87.704333107,POINT (-87.704333106694 41.813484035263)
d6575d40c9629fe89f038e6dfb2f735b09c630b62656566c70f57f23876183095e9b617d7c3e714067fcb8626285b183fa202ba8cf0794cb918586a0a9e35a23,Y,11/24/2018 01:30:00 PM,30,STOP SIGN/FLASHER,FUNCTIONING PROPERLY,CLEAR,DAYLIGHT,REAR END,NOT DIVIDED,,STRAIGHT AND LEVEL,DRY,NO DEFECTS,NOT ON SCENE (DESK REPORT),NO INJURY / DRIVE AWAY,,,,"$501 - $1,500",11/24/2018 02:17:00 PM,FOLLOWING TOO CLOSELY,NOT APPLICABLE,5256,N,BROADWAY,2013.0,,,,,,,2,NO INDICATION OF INJURY,0.0,0.0,0.0,0.0,0.0,2.0,0.0,13,7,11,41.977994211,-87.660061201,POINT (-87.66006120071 41.977994210864)
861120c8bc641126b654bb37cff92a807960fe3572a8827b6925072c40e88b6153e1d0cbb3d7a9e66bff940a412aa763366d68ca13caccff0d3f7dd91a33c42f,,06/04/2017 09:30:00 AM,35,NO CONTROLS,NO CONTROLS,CLEAR,DAYLIGHT,OTHER OBJECT,RAMP,2.0,STRAIGHT ON HILLCREST,DRY,"RUT, HOLES",NOT ON SCENE (DESK REPORT),NO INJURY / DRIVE AWAY,,,,"$501 - $1,500",06/04/2017 11:00:00 AM,UNABLE TO DETERMINE,UNABLE TO DETERMINE,2201,E,103RD ST,434.0,,,,,,,1,NO INDICATION OF INJURY,0.0,0.0,0.0,0.0,0.0,1.0,0.0,9,1,6,41.707902522,-87.570506951,POINT (-87.570506951254 41.707902522128)
dbad5d1da48197f20c7d7f95ca373dde0a849fa2c9729715c2233ef54b7982a5d6b19e1e8004cad5433f86216e08cc8fa5b64cd8d2f2bbe836644801686fa13d,,07/10/2021 09:23:00 PM,30,TRAFFIC SIGNAL,FUNCTIONING PROPERLY,RAIN,DARKNESS,REAR END,ONE-WAY,,STRAIGHT AND LEVEL,WET,NO DEFECTS,NOT ON SCENE (DESK REPORT),NO INJURY / DRIVE AWAY,,,,"OVER $1,500",07/16/2021 03:00:00 PM,UNABLE TO DETERMINE,UNABLE TO DETERMINE,3801,W,HARRISON ST,1133.0,,,,,,,2,NO INDICATION OF INJURY,0.0,0.0,0.0,0.0,0.0,2.0,0.0,21,7,7,41.873404645,-87.720399628,POINT (-87.720399628297 41.873404645345)
ceace7a6c8e1065d4a1a5297663cc82300eca57210e8009d58f0031219fd130fce5a246cdfb2a1b1680e1addc0af7ad989e3627f01601080d50ff96afac0b8ad,,05/26/2019 08:25:00 PM,30,NO CONTROLS,NO CONTROLS,CLEAR,"DARKNESS, LIGHTED ROAD",PARKED MOTOR VEHICLE,NOT DIVIDED,,STRAIGHT AND LEVEL,DRY,NO DEFECTS,NOT ON SCENE (DESK REPORT),NO INJURY / DRIVE AWAY,,,Y,"$501 - $1,500",05/26/2019 08:55:00 PM,IMPROPER OVERTAKING/PASSING,FAILING TO REDUCE SPEED TO AVOID CRASH,3808,W,ARMITAGE AVE,2525.0,,,,,,,2,NO INDICATION OF INJURY,0.0,0.0,0.0,0.0,0.0,1.0,0.0,20,1,5,41.91732733,-87.72204441,POINT (-87.722044410307 41.917327329918)
66920cdc69f86e0389d0d4968191d1a947e9b12a2b4f9038b25d63415cdf44d26a6dd118e5f921e9c7a8769c09fddc6f8f424be7cd5fa940dac0b3a5ec1fa30b,,04/03/2018 07:55:00 AM,30,NO CONTROLS,NO CONTROLS,RAIN,DAYLIGHT,ANGLE,OTHER,,STRAIGHT AND LEVEL,WET,NO DEFECTS,NOT ON SCENE (DESK REPORT),NO INJURY / DRIVE AWAY,,,,"OVER $1,500",04/03/2018 04:56:00 PM,NOT APPLICABLE,NOT APPLICABLE,5755,W,63RD ST,812.0,,,,,,,2,NO INDICATION OF INJURY,0.0,0.0,0.0,0.0,0.0,2.0,0.0,7,3,4,41.777845079,-87.766381437,POINT (-87.766381437086 41.777845078994)
073682ef84ff827659552d4254ad1b98bfec24935cc9cc4cbb796b0d17f98ce6028f4ac1795c51cdfa6cb6933de709f33cfe5171c175e4a0f5aebda62f2f61ce,,10/02/2018 06:30:00 PM,10,NO CONTROLS,NO CONTROLS,CLEAR,DARKNESS,PARKED MOTOR VEHICLE,OTHER,,STRAIGHT AND LEVEL,DRY,NO DEFECTS,ON SCENE,NO INJURY / DRIVE AWAY,,,,"OVER $1,500",10/02/2018 07:35:00 PM,NOT APPLICABLE,NOT APPLICABLE,517,W,OHARE ST,1654.0,,,,,,,2,NO INDICATION OF INJURY,0.0,0.0,0.0,0.0,0.0,1.0,0.0,18,3,10,,,
f975f46cf08aed70fda58fca96df68e25d99946678b15abd999f14f2f9ca2c1816759debed23060f775eb5b3aa3c225b024567f81d62d3efe78d702c4da6bbc2,,07/20/2019 09:00:00 PM,25,NO CONTROLS,NO CONTROLS,CLEAR,DAYLIGHT,ANGLE,NOT DIVIDED,,STRAIGHT AND LEVEL,DRY,NO DEFECTS,NOT ON SCENE (DESK REPORT),NO INJURY / DRIVE AWAY,,,,"OVER $1,500",07/20/2019 11:30:00 PM,IMPROPER LANE USAGE,UNABLE TO DETERMINE,810,E,47TH ST,221.0,,,,,,,2,NO INDICATION OF INJURY,0.0,0.0,0.0,0.0,0.0,2.0,0.0,21,7,7,41.809649814,-87.606062842,POINT (-87.606062841982 41.809649814152)
541f36e53306f2669b795988c4accadf9fa082b6b5a2490e04f74dfab93751cf6e6e82799d6b28d9d24f05ae97c83f4e4d46f57c94bca0d0c8c2e27e7cdee478,,05/16/2021 04:50:00 PM,30,NO CONTROLS,NO CONTROLS,UNKNOWN,DAYLIGHT,TURNING,DIVIDED - W/MEDIAN (NOT RAISED),,STRAIGHT AND LEVEL,UNKNOWN,UNKNOWN,NOT ON SCENE (DESK REPORT),NO INJURY / DRIVE AWAY,,,,"OVER $1,500",05/16/2021 05:15:00 PM,UNABLE TO DETERMINE,NOT APPLICABLE,1943,N,KOSTNER AVE,2534.0,,,,,,,2,NO INDICATION OF INJURY,0.0,0.0,0.0,0.0,0.0,2.0,0.0,16,1,5,41.916504014,-87.736166688,POINT (-87.736166688285 41.916504013766)
36dac6762b59918af0c423f1aed687f56f256df03368c62251a580a3796af65cab904cebfbed4270d1c4bb09d36598773023af4eb8f94dfc89b092be4629d8d8,,12/10/2019 03:03:00 PM,30,NO CONTROLS,NO CONTROLS,CLEAR,DAYLIGHT,REAR END,NOT DIVIDED,,STRAIGHT AND LEVEL,DRY,UNKNOWN,NOT ON SCENE (DESK REPORT),NO INJURY / DRIVE AWAY,,,,"OVER $1,500",12/10/2019 03:04:00 PM,UNABLE TO DETERMINE,UNABLE TO DETERMINE,705,N,HAMLIN AVE,1112.0,,,,,,,2,NO INDICATION OF INJURY,0.0,0.0,0.0,0.0,0.0,2.0,0.0,15,3,12,41.893791912,-87.720994072,POINT (-87.72099407169 41.893791911783)
bed07e219ea1aac623f7384d5c0ed9ed3da483abd0ada693d2d7c5a62b8df295196336f42f1e21fbbeb5f0c07ccef875f450c273900195a7ef42e3681c78fcbe,,04/27/2017 05:30:00 PM,25,NO CONTROLS,NO CONTROLS,CLEAR,DAYLIGHT,PARKED MOTOR VEHICLE,DIVIDED - W/MEDIAN (NOT RAISED),2.0,STRAIGHT AND LEVEL,DRY,NO DEFECTS,NOT ON SCENE (DESK REPORT),NO INJURY / DRIVE AWAY,,,,"$501 - $1,500",04/27/2017 05:58:00 PM,UNABLE TO DETERMINE,UNABLE TO DETERMINE,8011,S,TRUMBULL AVE,834.0,,,,,,,2,,,,,,,,,17,5,4,41.747499653,-87.708281033,POINT (-87.708281033045 41.747499653078)
a0706f033d0430ce5a57de71d6381fa01767797d5273798c8d088b0157e83e8f2ae1c63d6d2880824bdbffef4b3d3f9e5a8e0aca3503324fbf01ad8efc60985d,,11/19/2017 02:00:00 AM,30,TRAFFIC SIGNAL,UNKNOWN,CLEAR,"DARKNESS, LIGHTED ROAD",TURNING,DIVIDED - W/MEDIAN BARRIER,,STRAIGHT AND LEVEL,UNKNOWN,UNKNOWN,NOT ON SCENE (DESK REPORT),NO INJURY / DRIVE AWAY,,,,$500 OR LESS,11/19/2017 02:15:00 AM,IMPROPER TURNING/NO SIGNAL,NOT APPLICABLE,200,W,NORTH AVE,1814.0,,,,,,,2,NO INDICATION OF INJURY,0.0,0.0,0.0,0.0,0.0,2.0,0.0,2,1,11,41.911271144,-87.63476048,POINT (-87.634760480217 41.911271144127)
a59852f8bb6a632de6e9b86029a0ec01651a1e8db4facca476eebb1cca505042aa74003bb8144dd8a0bd7b411fa2f30a17ce4541809d3b172d4845aa256ad4be,,12/07/2021 04:42:00 PM,30,UNKNOWN,UNKNOWN,UNKNOWN,UNKNOWN,REAR END,UNKNOWN,,STRAIGHT AND LEVEL,UNKNOWN,OTHER,NOT ON SCENE (DESK REPORT),NO INJURY / DRIVE AWAY,,,Y,"OVER $1,500",12/07/2021 05:45:00 PM,UNABLE TO DETERMINE,NOT APPLICABLE,5155,W,IRVING PARK RD,1634.0,,,,,,,3,NO INDICATION OF INJURY,0.0,0.0,0.0,0.0,0.0,4.0,0.0,16,3,12,41.953197076,-87.756862877,POINT (-87.756862876527 41.95319707603)
e809b3236a346ac74202604161bae16905e86146bbb8e1ce3258b677d9725f563abed1e5572ab9595528f749af18d61e6898fd94540bd5276175e19010278e19,,03/20/2018 09:43:00 PM,35,NO CONTROLS,NO CONTROLS,CLEAR,"DARKNESS, LIGHTED ROAD",TURNING,NOT DIVIDED,,STRAIGHT AND LEVEL,DRY,NO DEFECTS,ON SCENE,INJURY AND / OR TOW DUE TO CRASH,,,,"OVER $1,500",03/20/2018 09:44:00 PM,FOLLOWING TOO CLOSELY,UNABLE TO DETERMINE,511,N,CICERO AVE,1111.0,,,,,,,2,"REPORTED, NOT EVIDENT",1.0,0.0,0.0,0.0,1.0,2.0,0.0,21,3,3,41.889959549,-87.745483633,POINT (-87.745483633053 41.88995954923)
4d25521f5928bd812f3105ddf25fc01798d58076708b89310f3dfd6fe814f247e7740c72f36b856adcd0be3d5e265958c9393be6a5c649af85668d51474d1c41,,01/26/2021 02:00:00 PM,30,NO CONTROLS,NO CONTROLS,SNOW,DAYLIGHT,PARKED MOTOR VEHICLE,ONE-WAY,,STRAIGHT AND LEVEL,SNOW OR SLUSH,NO DEFECTS,NOT ON SCENE (DESK REPORT),NO INJURY / DRIVE AWAY,,,Y,"OVER $1,500",01/27/2021 10:20:00 AM,UNABLE TO DETERMINE,NOT APPLICABLE,5330,W,DEMING PL,2515.0,,,,,,,2,NO INDICATION OF INJURY,0.0,0.0,0.0,0.0,0.0,1.0,0.0,14,3,1,41.926933468,-87.759978744,POINT (-87.759978743707 41.926933468171)
5fa2a43ab6ddf4ab971b7a415c9d68b4f01fa69eb7ff4dbd0a359730d81980de7f7feee8a09dab0b4f6635d82b6817bab1de522cbece0bccce0857973377788c,,02/25/2021 08:00:00 AM,30,NO CONTROLS,NO CONTROLS,CLEAR,DAYLIGHT,SIDESWIPE SAME DIRECTION,NOT DIVIDED,,STRAIGHT AND LEVEL,DRY,NO DEFECTS,ON SCENE,INJURY AND / OR TOW DUE TO CRASH,,,,"OVER $1,500",02/25/2021 08:02:00 AM,FAILING TO YIELD RIGHT-OF-WAY,"OPERATING VEHICLE IN ERRATIC, RECKLESS, CARELESS, NEGLIGENT OR AGGRESSIVE MANNER",4451,N,ELSTON AVE,1722.0,,,,,,,2,NONINCAPACITATING INJURY,2.0,0.0,0.0,2.0,0.0,0.0,0.0,8,5,2,41.961989502,-87.731019281,POINT (-87.731019281458 41.961989502308)
2e9883eff5f6bb469fbff341204637de56729a17733649224c71fc53b4ffa1a32cd13a9c904c28a87ba2567553f24228d5bed0922e1df5ef780c6793f7bc5e93,,12/12/2019 07:57:00 AM,15,NO CONTROLS,NO CONTROLS,CLEAR,DAYLIGHT,PEDESTRIAN,NOT DIVIDED,,STRAIGHT AND LEVEL,DRY,NO DEFECTS,NOT ON SCENE (DESK REPORT),INJURY AND / OR TOW DUE TO CRASH,,,Y,"$501 - $1,500",12/13/2019 12:45:00 PM,UNABLE TO DETERMINE,NOT APPLICABLE,1440,S,CHRISTIANA AVE,1021.0,,,,,,,2,"REPORTED, NOT EVIDENT",1.0,0.0,0.0,0.0,1.0,1.0,0.0,7,5,12,41.861194824,-87.709324098,POINT (-87.709324097602 41.861194823549)
0d0a01ea60980281fab92c3a2e5a9d9225d3c56ca0a9196d7d69a457957059ec27bc7a1aff0c7153804b2117920da3cc9dcb6a659ac3618c15c6590fcfbbc079,,04/17/2018 02:30:00 PM,25,NO CONTROLS,NO CONTROLS,CLEAR,DAYLIGHT,FIXED OBJECT,OTHER,2.0,STRAIGHT AND LEVEL,DRY,NO DEFECTS,NOT ON SCENE (DESK REPORT),NO INJURY / DRIVE AWAY,,N,,"OVER $1,500",04/19/2018 09:40:00 PM,"OPERATING VEHICLE IN ERRATIC, RECKLESS, CARELESS, NEGLIGENT OR AGGRESSIVE MANNER","OPERATING VEHICLE IN ERRATIC, RECKLESS, CARELESS, NEGLIGENT OR AGGRESSIVE MANNER",161,N,CLARK ST,111.0,,,,,,,1,NO INDICATION OF INJURY,0.0,0.0,0.0,0.0,0.0,1.0,0.0,14,3,4,41.884779705,-87.630800667,POINT (-87.630800667486 41.884779704626)
46e48e72eae2246387584165575fdbb4c7ff7609ff54ab96468a31bea0278aff346b696efa1391484636449ee607de078f99f2c6dea1e1eed20e166e3cfdcb6c,,05/14/2021 12:51:00 PM,30,NO CONTROLS,NO CONTROLS,CLEAR,DAYLIGHT,PARKED MOTOR VEHICLE,NOT DIVIDED,,STRAIGHT AND LEVEL,DRY,NO DEFECTS,ON SCENE,INJURY AND / OR TOW DUE TO CRASH,,,Y,"OVER $1,500",05/14/2021 12:59:00 PM,UNABLE TO DETERMINE,UNABLE TO DETERMINE,5315,W,WASHINGTON BLVD,1522.0,,,,,,,4,NONINCAPACITATING INJURY,1.0,0.0,0.0,1.0,0.0,1.0,0.0,12,6,5,41.882221709,-87.75828313,POINT (-87.758283130482 41.882221708719)
47a04b32fedcd82419d7936eb207d91e3d4911d9786ae50d2a8c2202b787760d6d0d98f3f763d77b8d311ca38e0cbf81d510020cc033ea9ddb7549fbbe227b04,,07/02/2019 12:50:00 PM,30,NO CONTROLS,NO CONTROLS,CLEAR,DAYLIGHT,PEDESTRIAN,NOT DIVIDED,,STRAIGHT AND LEVEL,DRY,NO DEFECTS,ON SCENE,INJURY AND / OR TOW DUE TO CRASH,,,,$500 OR LESS,07/02/2019 12:55:00 PM,UNABLE TO DETERMINE,UNABLE TO DETERMINE,4148,S,ARCHER AVE,921.0,,,,,,,2,NONINCAPACITATING INJURY,1.0,0.0,0.0,1.0,0.0,4.0,0.0,12,3,7,41.818127877,-87.697884857,POINT (-87.697884856694 41.818127877213)
78cf9bbf3cebb9b1933fb29666b2def491a6997ade1e95ffaa79a4b4650b0edc98c604309370ca82109c0541c59b11d648ba3196a7fca3e60d2b0a95e6336015,,11/12/2021 08:00:00 PM,30,NO CONTROLS,NO CONTROLS,UNKNOWN,UNKNOWN,PARKED MOTOR VEHICLE,ONE-WAY,,STRAIGHT AND LEVEL,DRY,NO DEFECTS,NOT ON SCENE (DESK REPORT),NO INJURY / DRIVE AWAY,,,Y,"OVER $1,500",11/14/2021 12:40:00 PM,UNABLE TO DETERMINE,NOT APPLICABLE,2505,N,LONG AVE,2515.0,,,,,,,2,NO INDICATION OF INJURY,0.0,0.0,0.0,0.0,0.0,1.0,0.0,20,6,11,41.926045365,-87.760991884,POINT (-87.760991884286 41.926045365073)
eab9e81d78d5ac456d5b0ea93e6de50042034dd6be59071b38c9f1ba55a76e259f64e2c5c495d1d1a17b41a555d4d0868f2e704d85edaedfd111510257d00f7c,,01/26/2021 12:15:00 PM,30,NO CONTROLS,NO CONTROLS,CLEAR,DAYLIGHT,SIDESWIPE SAME DIRECTION,DIVIDED - W/MEDIAN (NOT RAISED),,STRAIGHT AND LEVEL,UNKNOWN,NO DEFECTS,ON SCENE,NO INJURY / DRIVE AWAY,,,,"OVER $1,500",01/26/2021 12:16:00 PM,UNABLE TO DETERMINE,UNABLE TO DETERMINE,4242,N,ELSTON AVE,1723.0,,,,,,,2,NO INDICATION OF INJURY,0.0,0.0,0.0,0.0,0.0,2.0,0.0,12,3,1,41.958091213,-87.725791396,POINT (-87.725791396087 41.958091212967)
b26303ddb04de0208542923d740e877a00c2adab191477456fe6d0231cfd9fb020c86fa8cb0335a85fccf89cc541fd4a04b0c990fa8a4eb57efd1b4ae69ff40d,,09/28/2018 07:05:00 AM,30,TRAFFIC SIGNAL,FUNCTIONING PROPERLY,CLEAR,DAYLIGHT,TURNING,ONE-WAY,,STRAIGHT AND LEVEL,DRY,NO DEFECTS,NOT ON SCENE (DESK REPORT),NO INJURY / DRIVE AWAY,,,,"OVER $1,500",09/28/2018 07:30:00 AM,UNABLE TO DETERMINE,UNABLE TO DETERMINE,3500,S,LA SALLE ST,213.0,,,,,,,2,NO INDICATION OF INJURY,0.0,0.0,0.0,0.0,0.0,2.0,0.0,7,6,9,41.830935095,-87.629975305,POINT (-87.629975304804 41.830935095228)
bbee04b9932ce2774524b83569f74f69c906be9369cb6a45c443270062738c1c2cf6ebecf35630f74021c46fea531ce2e6b111d5297dde8ffdb5f760a7829790,,11/17/2019 02:00:00 PM,30,STOP SIGN/FLASHER,FUNCTIONING PROPERLY,CLEAR,DAYLIGHT,PARKED MOTOR VEHICLE,NOT DIVIDED,,STRAIGHT AND LEVEL,DRY,NO DEFECTS,ON SCENE,NO INJURY / DRIVE AWAY,,,Y,$500 OR LESS,11/17/2019 02:00:00 PM,UNABLE TO DETERMINE,DRIVING SKILLS/KNOWLEDGE/EXPERIENCE,9700,S,AVENUE L,432.0,,,,,,,2,NO INDICATION OF INJURY,0.0,0.0,0.0,0.0,0.0,2.0,0.0,14,1,11,41.719438775,-87.536641786,POINT (-87.536641786212 41.719438774685)
80fd5f6448fffd0ea6c909f14a56ecdd9a0e14616e11134bd872c26a52499fa351a05b4bf1c4f2657314a683e6dadc005663e49eb74ee2d5ef115a045d86aeff,,12/29/2021 07:50:00 AM,25,NO CONTROLS,NO CONTROLS,CLEAR,DAYLIGHT,ANGLE,T-INTERSECTION,,STRAIGHT AND LEVEL,WET,NO DEFECTS,ON SCENE,INJURY AND / OR TOW DUE TO CRASH,Y,,,"OVER $1,500",12/29/2021 08:00:00 AM,ROAD CONSTRUCTION/MAINTENANCE,"VISION OBSCURED (SIGNS, TREE LIMBS, BUILDINGS, ETC.)",2100,S,KOSTNER AVE,1012.0,,,,Y,UTILITY,Y,2,NONINCAPACITATING INJURY,1.0,0.0,0.0,1.0,0.0,1.0,0.0,7,4,12,41.853312056,-87.734707729,POINT (-87.734707729137 41.853312055957)
a7abadae957145982aa3110e4a7e8971c9c9170ad9fe6be71ae41dc9112c07246c056c73eab6275c566cdca07924811730350ef618337593824f1ea9494f6540,,01/25/2021 07:58:00 AM,30,NO CONTROLS,NO CONTROLS,CLEAR,DAYLIGHT,FIXED OBJECT,NOT DIVIDED,,STRAIGHT AND LEVEL,DRY,NO DEFECTS,ON SCENE,NO INJURY / DRIVE AWAY,,,,$500 OR LESS,01/25/2021 08:00:00 AM,IMPROPER BACKING,UNABLE TO DETERMINE,406,E,90TH ST,633.0,,,,,,,1,NO INDICATION OF INJURY,0.0,0.0,0.0,0.0,0.0,1.0,0.0,7,2,1,41.731139104,-87.614042207,POINT (-87.614042207168 41.731139104137)
1675b243942fde5843b1566675412a6e408c21bcfa5263961d213f7af417a2357044e6e7a2d4e98a999c1ac979f468099faeb06b961a00e8af126db145b7dfbd,,05/23/2021 02:09:00 AM,35,TRAFFIC SIGNAL,FUNCTIONING PROPERLY,CLEAR,"DARKNESS, LIGHTED ROAD",REAR END,DIVIDED - W/MEDIAN (NOT RAISED),,STRAIGHT AND LEVEL,DRY,NO DEFECTS,NOT ON SCENE (DESK REPORT),NO INJURY / DRIVE AWAY,,,Y,"OVER $1,500",05/23/2021 01:20:00 PM,IMPROPER OVERTAKING/PASSING,UNABLE TO DETERMINE,8700,S,ASHLAND AVE,2221.0,,,,,,,2,NO INDICATION OF INJURY,0.0,0.0,0.0,0.0,0.0,2.0,0.0,2,1,5,41.735696989,-87.663209544,POINT (-87.663209544457 41.735696988636)
49316bda137244f5fdb4293632839ed8f5c235aabeab48077ec4260001daf497404a9fb7b59c8a31f8b9e3d122d945d9be69f46dd407f73d1c82fa8e715ec168,,04/17/2021 07:30:00 PM,30,NO CONTROLS,NO CONTROLS,CLEAR,DAYLIGHT,PARKED MOTOR VEHICLE,ONE-WAY,,STRAIGHT AND LEVEL,DRY,NO DEFECTS,NOT ON SCENE (DESK REPORT),NO INJURY / DRIVE AWAY,,,Y,"OVER $1,500",04/18/2021 10:25:00 AM,UNABLE TO DETERMINE,NOT APPLICABLE,5400,N,LOTUS AVE,1623.0,,,,,,,2,NO INDICATION OF INJURY,0.0,0.0,0.0,0.0,0.0,1.0,0.0,19,7,4,41.979418486,-87.764897069,POINT (-87.764897069095 41.979418486027)
20f656df17292664b9a97dfc5c42ccc5feeca73ee5b1986d00832a3a6097975bc0530cee78bde81739c4ea405977cbf098e445ac5d107efce75e113a11ed0e5e,,10/19/2018 02:47:00 PM,0,TRAFFIC SIGNAL,UNKNOWN,UNKNOWN,DAYLIGHT,TURNING,CENTER TURN LANE,2.0,STRAIGHT AND LEVEL,UNKNOWN,UNKNOWN,ON SCENE,NO INJURY / DRIVE AWAY,Y,,,"OVER $1,500",10/19/2018 03:26:00 PM,IMPROPER TURNING/NO SIGNAL,NOT APPLICABLE,5700,S,COTTAGE GROVE AVE,233.0,,,,,,,2,NO INDICATION OF INJURY,0.0,0.0,0.0,0.0,0.0,3.0,0.0,14,6,10,41.791233259,-87.606298213,POINT (-87.606298213182 41.791233258933)
74ebf5eeab9e6ec1e13a9c0e278fb9ec7e55ed40236e37872f8518c516664cf980822b1b4888b2a5effead4ef9199a1e59a9d627a655b5025e6e5811cffb01df,Y,11/12/2018 10:45:00 AM,30,NO CONTROLS,UNKNOWN,CLEAR,DAYLIGHT,PARKED MOTOR VEHICLE,PARKING LOT,2.0,STRAIGHT AND LEVEL,DRY,NO DEFECTS,NOT ON SCENE (DESK REPORT),NO INJURY / DRIVE AWAY,,,Y,"$501 - $1,500",11/12/2018 03:40:00 PM,UNABLE TO DETERMINE,DRIVING SKILLS/KNOWLEDGE/EXPERIENCE,600,E,GRAND AVE,1834.0,,,,,,,2,NO INDICATION OF INJURY,0.0,0.0,0.0,0.0,0.0,1.0,0.0,10,2,11,41.892094137,-87.611569884,POINT (-87.611569883947 41.892094136862)
8c91634b474bb7537ac61b3e51366be8eac1e8a8f4fed6e8b96f70c445ec5e2330c847babdac661c3f30b6d4a3da001e0fee31f300addb5e8de6ba905a1ea92a,,02/02/2020 12:00:00 PM,30,NO CONTROLS,NO CONTROLS,CLEAR,DAYLIGHT,PARKED MOTOR VEHICLE,NOT DIVIDED,,STRAIGHT AND LEVEL,DRY,NO DEFECTS,NOT ON SCENE (DESK REPORT),NO INJURY / DRIVE AWAY,,,Y,"$501 - $1,500",02/03/2020 12:15:00 PM,UNABLE TO DETERMINE,UNABLE TO DETERMINE,400,W,95TH ST,2223.0,,,,,,,2,NO INDICATION OF INJURY,0.0,0.0,0.0,0.0,0.0,1.0,0.0,12,1,2,41.721701297,-87.633557775,POINT (-87.633557775033 41.721701296874)
658f5436a26e0250eeaf8fffd32c4b1995a3019953bddbf88aaaa7589dea55c565f6bee9aae8d160a3860e3fb3251974351f24c1c815f99b4992045996f6e0f0,,09/28/2017 01:30:00 PM,30,UNKNOWN,UNKNOWN,CLEAR,DAYLIGHT,ANGLE,UNKNOWN,,STRAIGHT AND LEVEL,DRY,NO DEFECTS,NOT ON SCENE (DESK REPORT),NO INJURY / DRIVE AWAY,,,,"$501 - $1,500",10/01/2017 01:10:00 PM,FAILING TO YIELD RIGHT-OF-WAY,FAILING TO YIELD RIGHT-OF-WAY,3202,N,NATOMA AVE,1632.0,,,,,,,2,NO INDICATION OF INJURY,0.0,0.0,0.0,0.0,0.0,2.0,0.0,13,5,9,41.938317546,-87.792185985,POINT (-87.79218598505 41.93831754582)
9816fbc3df956fb940843a7193cac52131fee5f64598fcc272fa3d3da4d31e23f3401afe9eea24c82c7fdccafaeebffa9373cdca260eb2c786e85aa5241aad77,,07/01/2019 07:47:00 AM,30,NO CONTROLS,NO CONTROLS,CLEAR,DAYLIGHT,PARKED MOTOR VEHICLE,NOT DIVIDED,,STRAIGHT AND LEVEL,DRY,NO DEFECTS,NOT ON SCENE (DESK REPORT),NO INJURY / DRIVE AWAY,,,,"OVER $1,500",07/01/2019 03:30:00 PM,IMPROPER BACKING,FAILING TO REDUCE SPEED TO AVOID CRASH,6341,W,CORTLAND ST,2513.0,,,,,,,2,NO INDICATION OF INJURY,0.0,0.0,0.0,0.0,0.0,2.0,0.0,7,2,7,41.914507335,-87.783831269,POINT (-87.783831268842 41.914507334519)
efff1085f00551efeb4e013a8429939f02858b1431926a62a0644e2e3c6e8ef88b2d4d187e91fdb68844c4d342168b910c3add070ee9cc52f137c707d83a7555,,11/06/2015 06:47:00 AM,30,TRAFFIC SIGNAL,FUNCTIONING PROPERLY,CLEAR,DAYLIGHT,REAR END,NOT DIVIDED,4.0,STRAIGHT AND LEVEL,UNKNOWN,UNKNOWN,NOT ON SCENE (DESK REPORT),NO INJURY / DRIVE AWAY,Y,,,"OVER $1,500",11/06/2015 06:15:00 PM,UNABLE TO DETERMINE,UNABLE TO DETERMINE,4500,S,WESTERN AVE,922.0,,,,,,,2,NO INDICATION OF INJURY,0.0,0.0,0.0,0.0,0.0,2.0,0.0,6,6,11,41.812017027,-87.684676915,POINT (-87.684676914642 41.812017027229)
f1f43dbb6b88e2ee1d5fabc2edeb92c2390d1368d49a36a884c30d810eabcc27e35ef800a9bd4c3b4b7106ad409d402b17c02ead14b905bb4c095683e6098502,,04/16/2021 12:01:00 AM,30,TRAFFIC SIGNAL,FUNCTIONING PROPERLY,CLEAR,"DARKNESS, LIGHTED ROAD",REAR END,NOT DIVIDED,,STRAIGHT AND LEVEL,DRY,NO DEFECTS,ON SCENE,INJURY AND / OR TOW DUE TO CRASH,,,Y,"OVER $1,500",04/16/2021 12:14:00 AM,FAILING TO YIELD RIGHT-OF-WAY,FAILING TO YIELD RIGHT-OF-WAY,1152,W,69TH ST,724.0,,,,,,,2,NO INDICATION OF INJURY,0.0,0.0,0.0,0.0,0.0,2.0,0.0,0,6,4,41.768809204,-87.653901645,POINT (-87.65390164533 41.768809204435)
bee42de79ea8f308ffa724b0e71626304125ec6540c894e65f2a9fe8d9ecf350367d2f8595de30d4a6dedcf9e82b8a9acbb4361ffc89a02d9f4d96e9d9c3369b,,12/03/2021 08:19:00 AM,30,STOP SIGN/FLASHER,FUNCTIONING PROPERLY,CLEAR,DAYLIGHT,ANGLE,T-INTERSECTION,,"CURVE, LEVEL",DRY,NO DEFECTS,ON SCENE,INJURY AND / OR TOW DUE TO CRASH,Y,,,"OVER $1,500",12/03/2021 08:32:00 AM,DISREGARDING STOP SIGN,UNABLE TO DETERMINE,7762,W,HIGGINS AVE,1612.0,,,,,,,2,NO INDICATION OF INJURY,0.0,0.0,0.0,0.0,0.0,2.0,0.0,8,6,12,41.984342311,-87.821238096,POINT (-87.821238095748 41.984342311249)
20a5112bb651056fc4ed81a7d60446cfefb9302d2e92eaf7335ca7b0a7f20aafdfc446585634bbac060febb25087baeaf892561e15f3dd3e3d91f462d68a8db5,,11/29/2017 04:45:00 PM,30,NO CONTROLS,NO CONTROLS,CLEAR,DUSK,PARKED MOTOR VEHICLE,DIVIDED - W/MEDIAN (NOT RAISED),,STRAIGHT AND LEVEL,DRY,NO DEFECTS,ON SCENE,NO INJURY / DRIVE AWAY,,,Y,"$501 - $1,500",11/29/2017 05:02:00 PM,NOT APPLICABLE,NOT APPLICABLE,5736,W,BRYN MAWR AVE,1622.0,,,,,,,2,NO INDICATION OF INJURY,0.0,0.0,0.0,0.0,0.0,1.0,0.0,16,4,11,41.983034928,-87.772207159,POINT (-87.772207158984 41.983034927619)
05483c8a57947cf576fe9a05b28352bd2581fdea6e90273f21e43f57d2de01e166867fea969413d0e8d604b2f9ab12810c7ffe9e9b31e32491c14ad06d9788c3,,04/04/2017 01:05:00 PM,45,DELINEATORS,FUNCTIONING PROPERLY,CLEAR,DAYLIGHT,REAR END,DIVIDED - W/MEDIAN BARRIER,,STRAIGHT AND LEVEL,DRY,NO DEFECTS,ON SCENE,NO INJURY / DRIVE AWAY,,,Y,"$501 - $1,500",04/04/2017 01:05:00 PM,FOLLOWING TOO CLOSELY,UNABLE TO DETERMINE,2300,S,LAKE SHORE DR W,132.0,,,,Y,MAINTENANCE,Y,2,NO INDICATION OF INJURY,0.0,0.0,0.0,0.0,0.0,2.0,0.0,13,3,4,41.851019777,-87.613882123,POINT (-87.613882122521 41.8510197772)
b3dd99ce0d597eec0bc3b1b6c47758b1255530a1bd4c81ea6b8f13935d6d23c548c144bf25224faa5910ee44b4a17452a82466ce8f2ebc6e9faea0e9696c0514,Y,12/12/2021 04:30:00 PM,25,NO CONTROLS,NO CONTROLS,CLEAR,DUSK,TURNING,DIVIDED - W/MEDIAN (NOT RAISED),,STRAIGHT AND LEVEL,DRY,NO DEFECTS,ON SCENE,INJURY AND / OR TOW DUE TO CRASH,,,,"OVER $1,500",12/12/2021 04:50:00 PM,UNABLE TO DETERMINE,NOT APPLICABLE,6227,S,COTTAGE GROVE AVE,313.0,,,,,,,2,"REPORTED, NOT EVIDENT",1.0,0.0,0.0,0.0,1.0,2.0,0.0,16,1,12,41.781408004,-87.605807123,POINT (-87.605807122752 41.781408003669)
8fc78cf8decd08e6f2229e9b7f7e02b1978d8e54bd0fe70406f7da3ef241e8bc895028452ac772a8f29b69d200f7434e5f2261464931f85b28aedc4baf99117d,,04/10/2019 05:18:00 PM,30,TRAFFIC SIGNAL,FUNCTIONING PROPERLY,CLOUDY/OVERCAST,DAYLIGHT,ANGLE,DIVIDED - W/MEDIAN (NOT RAISED),,STRAIGHT AND LEVEL,WET,UNKNOWN,ON SCENE,INJURY AND / OR TOW DUE TO CRASH,Y,,,"OVER $1,500",04/10/2019 05:25:00 PM,UNABLE TO DETERMINE,UNABLE TO DETERMINE,7201,N,CLARK ST,2423.0,,,,,,,2,NO INDICATION OF INJURY,0.0,0.0,0.0,0.0,0.0,2.0,0.0,17,4,4,42.012704371,-87.674500719,POINT (-87.674500719171 42.012704370631)
d31a1f10ef9bcc0473436627ef538738c2226cadf49cde752bc1a4b35102e1438d5f8aff80cbaecf891d3d86462f3d924b9ec20e4440df5a6241183cae58d71a,,01/12/2016 12:16:00 PM,30,NO CONTROLS,NO CONTROLS,CLEAR,DAYLIGHT,SIDESWIPE SAME DIRECTION,NOT DIVIDED,,STRAIGHT AND LEVEL,DRY,NO DEFECTS,ON SCENE,NO INJURY / DRIVE AWAY,,,,"OVER $1,500",10/12/2021 12:18:00 PM,FAILING TO YIELD RIGHT-OF-WAY,NOT APPLICABLE,325,W,CHICAGO AVE,1831.0,,,,,,,2,NO INDICATION OF INJURY,0.0,0.0,0.0,0.0,0.0,2.0,0.0,12,3,1,41.896449025,-87.636761847,POINT (-87.636761847092 41.896449025006)
591f5d41ef72adb53dac931ad2a96d0f895dfe19e45d573662e7592ed77fe47cc89b8aa2e2d314b27e7039b79d568c8bcc2e68876dc3f16b58bc380916ba4a1c,,04/13/2021 08:45:00 PM,30,UNKNOWN,UNKNOWN,UNKNOWN,UNKNOWN,PARKED MOTOR VEHICLE,ONE-WAY,,STRAIGHT AND LEVEL,UNKNOWN,UNKNOWN,NOT ON SCENE (DESK REPORT),NO INJURY / DRIVE AWAY,,,Y,"OVER $1,500",04/13/2021 09:20:00 PM,UNABLE TO DETERMINE,NOT APPLICABLE,6022,S,WOLCOTT AVE,714.0,,,,,,,2,NO INDICATION OF INJURY,0.0,0.0,0.0,0.0,0.0,1.0,0.0,20,3,4,41.784121664,-87.67175414,POINT (-87.671754139766 41.784121663623)
e6e331e740abaec79b509ba2d636e449055856560c4a477c5b02ae47bce848679c9ff3e46df37da811dcc9ecdd811da9be6ff3ca5291870bb2a149c31ada36c5,,09/25/2016 01:35:00 AM,30,NO CONTROLS,NO CONTROLS,CLEAR,DARKNESS,REAR END,ONE-WAY,1.0,STRAIGHT AND LEVEL,DRY,NO DEFECTS,NOT ON SCENE (DESK REPORT),NO INJURY / DRIVE AWAY,,,,$500 OR LESS,09/25/2016 02:27:00 AM,IMPROPER BACKING,DRIVING SKILLS/KNOWLEDGE/EXPERIENCE,6229,N,WINTHROP AVE,2433.0,,,,,,,2,NO INDICATION OF INJURY,0.0,0.0,0.0,0.0,0.0,2.0,0.0,1,1,9,41.995417403,-87.658232627,POINT (-87.658232626657 41.995417402575)
f1c462ee9265a649cd28d64c3bbea7a2c67a86c05a9457ad201c4ce82ff1c5c1e19d9d7e8af6d259210eda14c14916dde7bd3048d0a97994b95284276bad3d96,,01/28/2020 05:40:00 PM,30,STOP SIGN/FLASHER,NO CONTROLS,CLEAR,"DARKNESS, LIGHTED ROAD",ANGLE,FOUR WAY,,STRAIGHT AND LEVEL,DRY,NO DEFECTS,ON SCENE,NO INJURY / DRIVE AWAY,,,Y,"$501 - $1,500",01/28/2020 05:41:00 PM,DISREGARDING STOP SIGN,NOT APPLICABLE,1100,E,93RD ST,413.0,,,,,,,2,NO INDICATION OF INJURY,0.0,0.0,0.0,0.0,0.0,2.0,0.0,17,3,1,41.725922639,-87.597242131,POINT (-87.597242131145 41.725922639054)
7567e9200a4ea54158fe899bc7f9a9d83ea117461f9ab556bcfd2154118af4605f2b675f093a46ce04d57ec6d0a47d0af306bb2911f859ea8aa111e6f0cba931,,12/12/2018 11:15:00 PM,30,UNKNOWN,UNKNOWN,CLEAR,"DARKNESS, LIGHTED ROAD",REAR END,NOT DIVIDED,2.0,STRAIGHT AND LEVEL,DRY,DEBRIS ON ROADWAY,NOT ON SCENE (DESK REPORT),NO INJURY / DRIVE AWAY,,,,"OVER $1,500",12/13/2018 01:40:00 PM,FAILING TO REDUCE SPEED TO AVOID CRASH,FOLLOWING TOO CLOSELY,2167,S,MARSHALL BLVD,1023.0,,,,,,,2,NO INDICATION OF INJURY,0.0,0.0,0.0,0.0,0.0,2.0,0.0,23,4,12,41.851900613,-87.698942976,POINT (-87.698942976407 41.851900613094)
353cdd0fc6a6290cf2a10aaa0542ca07c4ded31c238e07e0a98af4c27e4b7412d3b14517ff32360d6678cda4052762c8e7dca6e0b0ef6353b5618f428378912d,,02/13/2021 05:45:00 PM,30,NO CONTROLS,NO CONTROLS,SNOW,"DARKNESS, LIGHTED ROAD",PARKED MOTOR VEHICLE,DIVIDED - W/MEDIAN (NOT RAISED),,STRAIGHT AND LEVEL,SNOW OR SLUSH,NO DEFECTS,ON SCENE,NO INJURY / DRIVE AWAY,,,Y,"$501 - $1,500",02/13/2021 06:00:00 PM,IMPROPER LANE USAGE,NOT APPLICABLE,3816,W,47TH ST,821.0,,,,,,,2,NO INDICATION OF INJURY,0.0,0.0,0.0,0.0,0.0,1.0,0.0,17,7,2,41.808032,-87.719467115,POINT (-87.719467114609 41.808032000084)
6242e9883c99d4ac69c40df71c1d586ef293a337f28343a2fcfee4df0f35330bbb46afbc0fafc4ac3454f0dc2965bbd200efa0a039bb4d254aec2c206cc64d34,Y,04/18/2021 09:00:00 AM,20,NO CONTROLS,NO CONTROLS,CLEAR,DAYLIGHT,PARKED MOTOR VEHICLE,NOT DIVIDED,,STRAIGHT AND LEVEL,DRY,NO DEFECTS,NOT ON SCENE (DESK REPORT),NO INJURY / DRIVE AWAY,,,Y,"OVER $1,500",04/23/2021 12:15:00 PM,UNABLE TO DETERMINE,NOT APPLICABLE,3500,W,LAWRENCE AVE,1712.0,,,,,,,2,NO INDICATION OF INJURY,0.0,0.0,0.0,0.0,0.0,1.0,0.0,9,1,4,41.968485373,-87.71587133,POINT (-87.715871329515 41.968485373318)
8e424c6a086fb4a200d600f970fdd53c0a004ae296628eb9bcbf6c07ca983b8429e901bfb5f498e6f9dde1b7d6b9bfcf4cad98db84ffc7a5f8da99d19da107d4,,08/05/2021 08:50:00 AM,30,NO CONTROLS,NO CONTROLS,CLEAR,DAYLIGHT,SIDESWIPE SAME DIRECTION,NOT DIVIDED,,STRAIGHT AND LEVEL,DRY,NO DEFECTS,NOT ON SCENE (DESK REPORT),NO INJURY / DRIVE AWAY,,,,"OVER $1,500",08/05/2021 09:05:00 AM,DRIVING ON WRONG SIDE/WRONG WAY,UNABLE TO DETERMINE,10706,S,COTTAGE GROVE AVE,513.0,,,,,,,2,NO INDICATION OF INJURY,0.0,0.0,0.0,0.0,0.0,2.0,0.0,8,5,8,41.699839869,-87.608402988,POINT (-87.60840298812 41.699839869335)
d0252e49fca1ed1d61178c30a5cb5ed3a7bd1f0af4c9379aefae295153ea0c500e494a5f0957338be34557fc08cb8226f21ca9890ec06a6ee04159b818397469,,05/15/2019 04:15:00 PM,15,NO CONTROLS,NO CONTROLS,RAIN,DAYLIGHT,PARKED MOTOR VEHICLE,ONE-WAY,,STRAIGHT AND LEVEL,DRY,NO DEFECTS,NOT ON SCENE (DESK REPORT),NO INJURY / DRIVE AWAY,,,,"OVER $1,500",05/16/2019 03:30:00 PM,IMPROPER OVERTAKING/PASSING,UNABLE TO DETERMINE,7553,S,WENTWORTH AVE,623.0,,,,,,,2,NO INDICATION OF INJURY,0.0,0.0,0.0,0.0,0.0,1.0,0.0,16,4,5,41.756592921,-87.629450664,POINT (-87.629450664156 41.756592921447)
214a80319509b939e102a59d38946d7e376b68acc6ec321960dbc539ec4d24cfc988f7efc157e6cec96e59878887353b22bb2267a804a79231a70291bfadad8b,,12/15/2016 06:36:00 PM,35,TRAFFIC SIGNAL,FUNCTIONING PROPERLY,CLEAR,"DARKNESS, LIGHTED ROAD",TURNING,NOT DIVIDED,4.0,STRAIGHT AND LEVEL,DRY,UNKNOWN,ON SCENE,INJURY AND / OR TOW DUE TO CRASH,Y,,,"OVER $1,500",12/15/2016 06:37:00 PM,FAILING TO YIELD RIGHT-OF-WAY,DRIVING SKILLS/KNOWLEDGE/EXPERIENCE,2000,W,71ST ST,735.0,,,,,,,2,"REPORTED, NOT EVIDENT",3.0,0.0,0.0,0.0,3.0,1.0,0.0,18,5,12,41.764915642,-87.67359644,POINT (-87.673596440497 41.764915641541)
9fd86e3c6e89bcdf5806bb9b4a4968bc599cdbed63b5310bd57e38c46ddeb68b3c6f6e87134f7c23c5a98027fecfc03013f582c1b897a83c335dec3b5e15a14b,,06/24/2020 12:00:00 PM,30,NO CONTROLS,NO CONTROLS,CLEAR,DAYLIGHT,SIDESWIPE SAME DIRECTION,NOT DIVIDED,,STRAIGHT AND LEVEL,DRY,UNKNOWN,NOT ON SCENE (DESK REPORT),NO INJURY / DRIVE AWAY,,,,"OVER $1,500",06/26/2020 04:32:00 PM,UNABLE TO DETERMINE,UNABLE TO DETERMINE,2332,W,47TH ST,924.0,,,,,,,2,NO INDICATION OF INJURY,0.0,0.0,0.0,0.0,0.0,2.0,0.0,12,4,6,41.808527502,-87.683376991,POINT (-87.683376991259 41.808527502024)
0552761cf634bc027da6f9e83e39f82754ed4de407d062c6c5ca0beec923a04f81f0363874b43bfd768754b590fc99bb5d21c7f7535542c8b39edcda798d65fa,,05/19/2021 03:55:00 PM,35,NO CONTROLS,NO CONTROLS,CLEAR,DAYLIGHT,SIDESWIPE SAME DIRECTION,DIVIDED - W/MEDIAN (NOT RAISED),,STRAIGHT AND LEVEL,DRY,NO DEFECTS,ON SCENE,NO INJURY / DRIVE AWAY,,,Y,"OVER $1,500",05/19/2021 04:33:00 PM,IMPROPER TURNING/NO SIGNAL,UNABLE TO DETERMINE,4932,N,BROADWAY,2033.0,,,,,,,2,NO INDICATION OF INJURY,0.0,0.0,0.0,0.0,0.0,2.0,0.0,15,4,5,41.972491562,-87.65991017,POINT (-87.659910170433 41.972491561542)
54d67d905fb27b5fcd1b2bd659f5b96d199d85f98ed7ed4f974ed5b7ffebcbf52b098627079697b8c0f0059e37ea6b430b3faa8fad9acc12bcc622e2b3bffc00,,11/25/2020 07:30:00 AM,0,NO CONTROLS,NO CONTROLS,RAIN,DAYLIGHT,FIXED OBJECT,OTHER,,STRAIGHT ON GRADE,WET,NO DEFECTS,ON SCENE,NO INJURY / DRIVE AWAY,,,,"OVER $1,500",11/25/2020 08:59:00 AM,IMPROPER BACKING,DRIVING SKILLS/KNOWLEDGE/EXPERIENCE,2500,S,ASHLAND AVE,1034.0,,,,,,,1,NO INDICATION OF INJURY,0.0,0.0,0.0,0.0,0.0,1.0,0.0,7,4,11,41.846519321,-87.666060484,POINT (-87.666060484215 41.846519321236)
27ceaf96b88fa3c6aa7e7399ecbd1aa77b39093aead217970e0792458046cdab64d8f68d060b04017eb2cf3555cafca35d55a401306b301ccd466d6161b4a162,,12/29/2020 06:10:00 PM,30,NO CONTROLS,NO CONTROLS,SNOW,"DARKNESS, LIGHTED ROAD",REAR END,NOT DIVIDED,,STRAIGHT AND LEVEL,SNOW OR SLUSH,NO DEFECTS,NOT ON SCENE (DESK REPORT),NO INJURY / DRIVE AWAY,,,,"OVER $1,500",12/29/2020 08:30:00 PM,FOLLOWING TOO CLOSELY,WEATHER,2616,W,NORTH AVE,1421.0,,,,,,,2,NO INDICATION OF INJURY,0.0,0.0,0.0,0.0,0.0,2.0,0.0,18,3,12,41.910368949,-87.692796151,POINT (-87.692796150564 41.910368948729)
682b940c1cc5ffa130d7045b26a2df58572e56b9111e0575813e7f64af32464729ceb7f02536b2b383ec022cd8a13d49f99646de1d7e6c49061ba1081aa921c2,,08/15/2021 04:00:00 PM,30,NO CONTROLS,NO CONTROLS,UNKNOWN,DAYLIGHT,PARKED MOTOR VEHICLE,DIVIDED - W/MEDIAN (NOT RAISED),,STRAIGHT AND LEVEL,UNKNOWN,UNKNOWN,NOT ON SCENE (DESK REPORT),NO INJURY / DRIVE AWAY,,,Y,"OVER $1,500",08/22/2021 06:45:00 PM,UNABLE TO DETERMINE,UNABLE TO DETERMINE,2911,N,WESTERN AVE,1432.0,,,,,,,2,NO INDICATION OF INJURY,0.0,0.0,0.0,0.0,0.0,1.0,0.0,16,1,8,41.934214989,-87.687799033,POINT (-87.687799033452 41.934214989248)
593008b97dfe76e8d294e73b8f4adfe1b9dc3e699973d186bf2ef47686f244a41386b628a69ef29f00e569f3e44f27b5242870e7041724c5ed4f83832bef6a9b,,11/30/2016 09:20:00 AM,30,TRAFFIC SIGNAL,FUNCTIONING PROPERLY,CLEAR,DAYLIGHT,REAR END,DIVIDED - W/MEDIAN BARRIER,4.0,STRAIGHT AND LEVEL,DRY,NO DEFECTS,NOT ON SCENE (DESK REPORT),NO INJURY / DRIVE AWAY,,,N,"$501 - $1,500",11/30/2016 10:20:00 AM,DISTRACTION - FROM OUTSIDE VEHICLE,DISTRACTION - FROM OUTSIDE VEHICLE,600,S,MICHIGAN AVE,123.0,,,,,,,2,NO INDICATION OF INJURY,0.0,0.0,0.0,0.0,0.0,2.0,0.0,9,4,11,41.874371615,-87.624379528,POINT (-87.624379527782 41.874371615359)
e8aa23909887dca2e88a7e21b9cb27fffe26baccfd421d63c077569cb5c4c8752676daa9c4efff0bc0174414c791eff171c980b8bf684677c1f382e9d73fffbc,,08/09/2017 07:30:00 PM,35,NO CONTROLS,NO CONTROLS,CLEAR,DUSK,REAR END,NOT DIVIDED,1.0,STRAIGHT AND LEVEL,DRY,NO DEFECTS,NOT ON SCENE (DESK REPORT),NO INJURY / DRIVE AWAY,,,Y,"OVER $1,500",08/09/2017 09:15:00 PM,IMPROPER LANE USAGE,IMPROPER LANE USAGE,4700,S,FEDERAL ST,224.0,,,,,,,2,NO INDICATION OF INJURY,0.0,0.0,0.0,0.0,0.0,2.0,0.0,19,4,8,41.809095486,-87.628723167,POINT (-87.628723167002 41.809095485967)
cdbde364a9d59654eb0734aa4cc0dfe445a8220ab082eb52fee5a877ed7559b6842c203b9c82fed03660c17895fa7e2abb73ae2a06ea6e3018090ec144e6b49b,,02/25/2019 10:30:00 AM,30,STOP SIGN/FLASHER,FUNCTIONING PROPERLY,CLOUDY/OVERCAST,DAYLIGHT,REAR END,ONE-WAY,,STRAIGHT AND LEVEL,DRY,NO DEFECTS,NOT ON SCENE (DESK REPORT),NO INJURY / DRIVE AWAY,,,,"$501 - $1,500",02/25/2019 11:10:00 AM,FOLLOWING TOO CLOSELY,NOT APPLICABLE,4655,S,TROY ST,922.0,,,,,,,2,NO INDICATION OF INJURY,0.0,0.0,0.0,0.0,0.0,3.0,0.0,10,2,2,41.80834692,-87.702625972,POINT (-87.702625971772 41.808346919817)
808a76a1930680edfa5b1579b7d99d85d8de666f88302db5c8087ac11d08d7e18560a7d5cd57e9c81e9d25985735eb68518da10e68d88d5317066cabac2dfb79,,07/14/2020 07:55:00 PM,30,NO CONTROLS,NO CONTROLS,CLEAR,DAYLIGHT,PARKED MOTOR VEHICLE,NOT DIVIDED,,STRAIGHT AND LEVEL,DRY,NO DEFECTS,NOT ON SCENE (DESK REPORT),NO INJURY / DRIVE AWAY,,,,"$501 - $1,500",07/14/2020 08:00:00 PM,NOT APPLICABLE,NOT APPLICABLE,4916,W,LAWRENCE AVE,1623.0,,,,,,,2,NO INDICATION OF INJURY,0.0,0.0,0.0,0.0,0.0,1.0,0.0,19,3,7,41.968098104,-87.750960424,POINT (-87.750960423555 41.96809810412)
ed1acff3b6395c06d2ca78fe85c59075274a7e13add385beeffd80a807d34e610a9cd3087f5b8b078c24b3f0d5585aa19adc90f9d2ca8d18012e447a24d19fc0,,08/26/2020 10:20:00 AM,30,UNKNOWN,UNKNOWN,CLEAR,DAYLIGHT,REAR END,UNKNOWN,,STRAIGHT AND LEVEL,DRY,UNKNOWN,NOT ON SCENE (DESK REPORT),NO INJURY / DRIVE AWAY,,,,$500 OR LESS,08/27/2020 12:00:00 PM,UNABLE TO DETERMINE,NOT APPLICABLE,1300,S,CALIFORNIA BLVD,1022.0,,,,,,,2,NO INDICATION OF INJURY,0.0,0.0,0.0,0.0,0.0,2.0,0.0,10,4,8,41.864520416,-87.695997222,POINT (-87.695997221629 41.864520416238)
64b8ceea17e573c0b565e4de268f28dd01a0696c5eb7e002ce24ab3979221a0c886b0cabf8ae1201b08f9d9bb01a2ace343f450b25570e31642a1be018edff2c,,12/13/2020 01:11:00 PM,30,NO CONTROLS,NO CONTROLS,CLEAR,DAYLIGHT,FIXED OBJECT,DIVIDED - W/MEDIAN (NOT RAISED),,STRAIGHT AND LEVEL,DRY,NO DEFECTS,ON SCENE,NO INJURY / DRIVE AWAY,Y,,,"OVER $1,500",12/13/2020 01:11:00 PM,FAILING TO REDUCE SPEED TO AVOID CRASH,HAD BEEN DRINKING (USE WHEN ARREST IS NOT MADE),2632,W,115TH ST,2212.0,,,,,,,1,NO INDICATION OF INJURY,0.0,0.0,0.0,0.0,0.0,1.0,0.0,13,1,12,41.684567654,-87.687126976,POINT (-87.687126975815 41.684567653678)
98ebd27a7d9c846a4f4ff49d76c1ad8c286522c2ea178d32d2321f7317c191c17f27eb95a413fc975d594abb9e65ec1fb5305952cd9c6a3390adb354837297fe,,12/16/2019 07:45:00 PM,30,NO CONTROLS,NO CONTROLS,CLEAR,"DARKNESS, LIGHTED ROAD",TURNING,OTHER,,STRAIGHT AND LEVEL,DRY,NO DEFECTS,NOT ON SCENE (DESK REPORT),NO INJURY / DRIVE AWAY,,,,"OVER $1,500",12/16/2019 08:25:00 PM,IMPROPER TURNING/NO SIGNAL,NOT APPLICABLE,6083,N,CALDWELL AVE,1621.0,,,,,,,2,NO INDICATION OF INJURY,0.0,0.0,0.0,0.0,0.0,2.0,0.0,19,2,12,41.991653385,-87.754336119,POINT (-87.754336118825 41.991653385389)
ea54a6710647a44e80476098d2f17e11c6465d66cafc8a9f0d63dd0ece3aae9aed902f0bb78ebe783c453a395f4af59c36e0c481b0f6740a4f39e20d3ff8e0fc,,04/10/2020 11:00:00 AM,30,NO CONTROLS,NO CONTROLS,CLEAR,DAYLIGHT,HEAD ON,NOT DIVIDED,,STRAIGHT AND LEVEL,DRY,NO DEFECTS,ON SCENE,NO INJURY / DRIVE AWAY,,,,$500 OR LESS,04/10/2020 11:01:00 AM,FAILING TO YIELD RIGHT-OF-WAY,NOT APPLICABLE,5300,S,KOSTNER AVE,815.0,,,,,,,2,NO INDICATION OF INJURY,0.0,0.0,0.0,0.0,0.0,2.0,0.0,11,6,4,41.796759203,-87.733212824,POINT (-87.733212823629 41.796759202833)
09ade313ea97e8e38d33692ff9d2db010f14334d73470541bb8e55b3d3fb764be381f0e5dc407035e7d36cc2032ba964923cd6181ff674751985ca44d5d1db22,,09/14/2016 10:10:00 AM,0,NO CONTROLS,NO CONTROLS,CLEAR,DAYLIGHT,PARKED MOTOR VEHICLE,PARKING LOT,2.0,STRAIGHT AND LEVEL,DRY,NO DEFECTS,,NO INJURY / DRIVE AWAY,,,Y,"OVER $1,500",09/14/2016 11:50:00 AM,UNABLE TO DETERMINE,UNABLE TO DETERMINE,1147,S,WABASH AVE,123.0,,,,,,,2,NO INDICATION OF INJURY,0.0,0.0,0.0,0.0,0.0,1.0,0.0,10,4,9,41.86786709,-87.625686841,POINT (-87.625686841193 41.867867090171)
9e31ccb966877e4d92ecead4951b2ec01efa811d63bbf6699a36c02df8c573d0d53f5d30130e991cadaeefcde47b61aebcfac9241bfa63ff7e9628ca2f81ceac,Y,03/04/2021 10:30:00 PM,35,NO CONTROLS,NO CONTROLS,CLEAR,DARKNESS,FIXED OBJECT,DIVIDED - W/MEDIAN BARRIER,,STRAIGHT ON GRADE,DRY,NO DEFECTS,NOT ON SCENE (DESK REPORT),NO INJURY / DRIVE AWAY,,,,"OVER $1,500",03/05/2021 11:00:00 AM,DRIVING SKILLS/KNOWLEDGE/EXPERIENCE,ROAD CONSTRUCTION/MAINTENANCE,328,W,GARFIELD BLVD,935.0,,,,,,,1,NO INDICATION OF INJURY,0.0,0.0,0.0,0.0,0.0,1.0,0.0,22,5,3,41.79460976,-87.63415497,POINT (-87.634154969898 41.794609760405)
478b1c11fe0d894434456c21565576e9218ed3a5904b032773d7d3b36ba6335c156357ff1ade4f9a29607d622e6bfb92fa807c6eb7396ca614a35df92eed4af6,,01/25/2022 12:10:00 AM,20,TRAFFIC SIGNAL,FUNCTIONING PROPERLY,SNOW,"DARKNESS, LIGHTED ROAD",ANGLE,NOT DIVIDED,,STRAIGHT AND LEVEL,WET,NO DEFECTS,ON SCENE,INJURY AND / OR TOW DUE TO CRASH,Y,,Y,"OVER $1,500",01/25/2022 12:11:00 AM,FAILING TO YIELD RIGHT-OF-WAY,UNABLE TO DETERMINE,400,N,STATE ST,1831.0,,,,,,,2,NO INDICATION OF INJURY,0.0,0.0,0.0,0.0,0.0,3.0,0.0,0,3,1,41.889318711,-87.628152668,POINT (-87.6281526679 41.889318711059)
b7f294d206a7755e60c2c765ef7bb7b9abc1506ef27f6623ed91af50874068080130a9775ee0769786481c18af794bc302dcc4581fcdf7fa7b65da18a104d525,,08/04/2017 06:40:00 PM,15,NO CONTROLS,NO CONTROLS,CLEAR,DAYLIGHT,PEDESTRIAN,ALLEY,1.0,STRAIGHT AND LEVEL,DRY,UNKNOWN,ON SCENE,INJURY AND / OR TOW DUE TO CRASH,,,,$500 OR LESS,08/04/2017 06:40:00 PM,FAILING TO YIELD RIGHT-OF-WAY,UNABLE TO DETERMINE,4756,W,NORTH AVE,2533.0,,,,,,,2,NONINCAPACITATING INJURY,1.0,0.0,0.0,1.0,0.0,2.0,0.0,18,6,8,41.909736348,-87.746053447,POINT (-87.746053446805 41.909736347519)
862fef85173255cd5852c3a74dbba8fadcdcd448418e15b17e41c011191f9eb912b1078e5458196e1e312a0a909bf016f30cf24db57dccc9cc7bb3934a05e7ed,,06/04/2018 11:15:00 AM,30,NO CONTROLS,NO CONTROLS,CLEAR,DAYLIGHT,SIDESWIPE SAME DIRECTION,OTHER,,STRAIGHT AND LEVEL,DRY,NO DEFECTS,,NO INJURY / DRIVE AWAY,,,,"$501 - $1,500",06/04/2018 12:00:00 PM,DRIVING SKILLS/KNOWLEDGE/EXPERIENCE,UNABLE TO DETERMINE,300,E,CERMAK RD,132.0,,,,,,,2,NO INDICATION OF INJURY,0.0,0.0,0.0,0.0,0.0,2.0,0.0,11,2,6,41.853019479,-87.620611214,POINT (-87.620611213991 41.853019478634)
66f9d361f9a0ac93f870c1fc91dcb73773d5b0c7baf2cce6483b11e9c0ce0e94f3b607b3c4ab07adc622b2d77e9256f051fee3c06bf64af67d1f4f631fb13c95,,10/31/2020 03:50:00 PM,30,STOP SIGN/FLASHER,FUNCTIONING PROPERLY,CLEAR,DAYLIGHT,ANGLE,FOUR WAY,,STRAIGHT AND LEVEL,DRY,NO DEFECTS,ON SCENE,INJURY AND / OR TOW DUE TO CRASH,Y,,,"OVER $1,500",10/31/2020 03:55:00 PM,FAILING TO YIELD RIGHT-OF-WAY,NOT APPLICABLE,4601,S,DR MARTIN LUTHER KING JR DR,221.0,,,,,,,3,"REPORTED, NOT EVIDENT",3.0,0.0,0.0,0.0,3.0,3.0,0.0,15,7,10,41.811153788,-87.616491491,POINT (-87.616491490526 41.811153788367)
d730f3b80b1dc3306cba9432f02d1d97eff768d1bdd39949fd8350ed41d24f741dc4638d8d6096e130948eee79d30eacb24ba225d392c61d2baaed342ce0152f,,07/22/2018 03:09:00 AM,35,NO CONTROLS,NO CONTROLS,CLEAR,"DARKNESS, LIGHTED ROAD",PARKED MOTOR VEHICLE,NOT DIVIDED,,STRAIGHT AND LEVEL,WET,NO DEFECTS,ON SCENE,INJURY AND / OR TOW DUE TO CRASH,,,,"OVER $1,500",07/22/2018 03:15:00 AM,EXCEEDING AUTHORIZED SPEED LIMIT,EXCEEDING AUTHORIZED SPEED LIMIT,7522,S,MORGAN ST,612.0,,,,,,,4,FATAL,2.0,2.0,0.0,0.0,0.0,0.0,0.0,3,1,7,41.757024204,-87.649205121,POINT (-87.649205120823 41.757024203549)
164fef93797c1367116644f09a4ba7376c7ba4278ae88d92f52e44889fa089a40a7faef5140e7a63b663119d1eedaae6d7e69f5cd26c793e2fb0c165da5e27fa,,05/14/2019 11:20:00 AM,30,NO CONTROLS,NO CONTROLS,CLEAR,DAYLIGHT,PARKED MOTOR VEHICLE,DIVIDED - W/MEDIAN (NOT RAISED),,STRAIGHT AND LEVEL,DRY,NO DEFECTS,NOT ON SCENE (DESK REPORT),NO INJURY / DRIVE AWAY,,,,"$501 - $1,500",05/14/2019 01:25:00 PM,UNABLE TO DETERMINE,UNABLE TO DETERMINE,2125,W,LUNT AVE,2411.0,,,,,,,2,NO INDICATION OF INJURY,0.0,0.0,0.0,0.0,0.0,3.0,0.0,11,3,5,42.008720148,-87.6849521,POINT (-87.684952100121 42.008720148057)
33e20ede7fd565bac91bb61b202946e5305927b26c0db9941eecb44b211c71ce9caecdcd108d6d108218fbb3551acdb1941d4448ec9745e0adabd1371603f922,Y,07/01/2021 09:00:00 AM,30,NO CONTROLS,NO CONTROLS,UNKNOWN,UNKNOWN,PARKED MOTOR VEHICLE,NOT DIVIDED,,STRAIGHT AND LEVEL,DRY,NO DEFECTS,NOT ON SCENE (DESK REPORT),NO INJURY / DRIVE AWAY,,,Y,$500 OR LESS,07/01/2021 09:00:00 AM,FAILING TO REDUCE SPEED TO AVOID CRASH,UNABLE TO DETERMINE,2301,S,DR MARTIN LUTHER KING JR DR,132.0,,,,,,,2,NO INDICATION OF INJURY,0.0,0.0,0.0,0.0,0.0,1.0,0.0,9,5,7,41.851199837,-87.618819484,POINT (-87.618819484211 41.851199836578)
ee727b864bbb51b2da376822d1c084e2c4911a1014c98a45c825fcfc5ff68821078984e69bf5c15ee04137c07bc23992d7ae449af8273d8a16b6558608250593,,12/05/2017 10:00:00 AM,30,NO CONTROLS,NO CONTROLS,CLEAR,DAYLIGHT,PARKED MOTOR VEHICLE,NOT DIVIDED,2.0,STRAIGHT AND LEVEL,DRY,NO DEFECTS,ON SCENE,NO INJURY / DRIVE AWAY,,,,"OVER $1,500",12/05/2017 07:03:00 PM,IMPROPER BACKING,DRIVING SKILLS/KNOWLEDGE/EXPERIENCE,1035,N,ASHLAND AVE,1213.0,,,,,,,2,NO INDICATION OF INJURY,0.0,0.0,0.0,0.0,0.0,1.0,0.0,10,3,12,41.900640696,-87.667271409,POINT (-87.667271408886 41.900640695697)
0b2cfcf432221d6974ed15b8e2552018bbddd911dafbe0896bbb3c74b413b91b1aef18d9d9fe380e8436dfe008c5f3624a446c4f2f7935fa21b8c9b61773f1d8,,09/19/2016 03:30:00 PM,30,NO CONTROLS,NO CONTROLS,CLEAR,DAYLIGHT,REAR END,NOT DIVIDED,4.0,STRAIGHT AND LEVEL,DRY,NO DEFECTS,ON SCENE,NO INJURY / DRIVE AWAY,Y,,,"$501 - $1,500",09/19/2016 04:00:00 PM,FOLLOWING TOO CLOSELY,NOT APPLICABLE,6234,W,NORTH AVE,2513.0,,,,,,,2,NO INDICATION OF INJURY,0.0,0.0,0.0,0.0,0.0,2.0,0.0,15,2,9,41.909288207,-87.781598015,POINT (-87.781598014942 41.909288206557)
49170148f19f3dbde34fe640e0c77caca1d6d826353607e512f522faa79b89d6d02cedaca640e34c6fe042d7fc48c89c95619ad5ee5f2f142becb22ec956475a,,08/22/2018 12:01:00 AM,10,NO CONTROLS,NO CONTROLS,UNKNOWN,DARKNESS,PARKED MOTOR VEHICLE,ALLEY,,STRAIGHT AND LEVEL,DRY,NO DEFECTS,ON SCENE,INJURY AND / OR TOW DUE TO CRASH,,Y,,"OVER $1,500",08/22/2018 07:30:00 AM,UNABLE TO DETERMINE,NOT APPLICABLE,4545,W,55TH ST,813.0,,,,,,,2,NO INDICATION OF INJURY,0.0,0.0,0.0,0.0,0.0,1.0,0.0,0,4,8,41.792969447,-87.737195641,POINT (-87.737195641365 41.792969447264)
26706690a236c9eebd4f6004bd9fd9dc912e6e1396381400ee730aa09f3be093612d2d68c825721db5967e7c77b1a7c24ec21d61aedacdc1c38b28165049e476,,07/25/2020 07:20:00 PM,15,NO CONTROLS,NO CONTROLS,CLEAR,DAYLIGHT,PARKED MOTOR VEHICLE,DIVIDED - W/MEDIAN (NOT RAISED),,STRAIGHT AND LEVEL,DRY,NO DEFECTS,NOT ON SCENE (DESK REPORT),NO INJURY / DRIVE AWAY,,,,$500 OR LESS,07/26/2020 06:00:00 PM,UNABLE TO DETERMINE,NOT APPLICABLE,898,S,FRANCISCO AVE,1135.0,,,,,,,2,NO INDICATION OF INJURY,0.0,0.0,0.0,0.0,0.0,1.0,0.0,19,7,7,41.870170212,-87.698597644,POINT (-87.698597644248 41.870170211667)
e070ddbe03310c9e7709d3ec105b752b61d59a92f5f7f5dc65e9fd612c4b5baeb1e03114c690ee88c616e00937c02850a97fe064ccf6c16e74b53fde7f2ea4b0,Y,07/27/2018 02:10:00 AM,30,NO CONTROLS,NO CONTROLS,CLEAR,"DARKNESS, LIGHTED ROAD",PARKED MOTOR VEHICLE,ONE-WAY,1.0,STRAIGHT AND LEVEL,DRY,NO DEFECTS,ON SCENE,NO INJURY / DRIVE AWAY,,,Y,"OVER $1,500",07/27/2018 02:10:00 AM,UNABLE TO DETERMINE,UNABLE TO DETERMINE,7126,S,ABERDEEN ST,733.0,,,,,,,2,NO INDICATION OF INJURY,0.0,0.0,0.0,0.0,0.0,1.0,0.0,2,6,7,41.764265026,-87.651814572,POINT (-87.651814571831 41.764265025919)
be674611b04aae8631a5cfb1ea0547a3fc52655a1da6dc1d5ebd957d14c50a8869ffefd60ceb362e72da4525b7e14da3ca67e832e1d6cbe8f8b9443451dea500,,02/28/2021 12:59:00 AM,30,TRAFFIC SIGNAL,FUNCTIONING PROPERLY,CLEAR,"DARKNESS, LIGHTED ROAD",REAR END,FOUR WAY,,STRAIGHT AND LEVEL,DRY,NO DEFECTS,ON SCENE,INJURY AND / OR TOW DUE TO CRASH,Y,,,"OVER $1,500",02/28/2021 12:59:00 AM,UNDER THE INFLUENCE OF ALCOHOL/DRUGS (USE WHEN ARREST IS EFFECTED),NOT APPLICABLE,6300,S,WESTERN AVE,825.0,,,,,,,2,NONINCAPACITATING INJURY,1.0,0.0,0.0,1.0,0.0,1.0,0.0,0,1,2,41.779123484,-87.683783099,POINT (-87.683783098636 41.77912348384)
698b68a6824ec438b8aec44784322408036dd3128bfcedbd7ab9854df21418795eb4038608174a109dc65c797ac1b0266668fe354d750ed60e99e03f2e2f8509,,09/09/2020 12:30:00 PM,30,TRAFFIC SIGNAL,FUNCTIONING PROPERLY,CLEAR,DAYLIGHT,SIDESWIPE SAME DIRECTION,NOT DIVIDED,,STRAIGHT AND LEVEL,DRY,NO DEFECTS,NOT ON SCENE (DESK REPORT),NO INJURY / DRIVE AWAY,,,,"OVER $1,500",09/09/2020 01:20:00 PM,IMPROPER OVERTAKING/PASSING,FAILING TO REDUCE SPEED TO AVOID CRASH,2159,N,HARLEM AVE,2512.0,,,,,,,2,NO INDICATION OF INJURY,0.0,0.0,0.0,0.0,0.0,2.0,0.0,12,4,9,41.919766669,-87.805972477,POINT (-87.805972476944 41.919766669392)
2a8be84e2a5dd6a5c94cc81f7cd79b937506e19ff514db572b79f586430907a90278986b525b79baf56ccfc60e11ec3cfe3552905b00b58e23f5117f9c271a39,,03/24/2020 09:00:00 AM,15,NO CONTROLS,NO CONTROLS,CLEAR,DAYLIGHT,OTHER OBJECT,ALLEY,,STRAIGHT AND LEVEL,DRY,NO DEFECTS,ON SCENE,NO INJURY / DRIVE AWAY,,,,"$501 - $1,500",03/24/2020 09:09:00 AM,DRIVING SKILLS/KNOWLEDGE/EXPERIENCE,NOT APPLICABLE,3539,W,26TH ST,1032.0,,,,,,,1,NO INDICATION OF INJURY,0.0,0.0,0.0,0.0,0.0,2.0,0.0,9,3,3,41.844287006,-87.713879671,POINT (-87.713879671407 41.844287006466)
2cc97a018304931b19e3004f3101ffa953e23fcf72c5d226c6c2424704c9317282bed864e5ce74a517bf0f4130293a6d577b479d2eafc8f50cca9c657c9b9c73,Y,10/19/2020 07:00:00 AM,20,STOP SIGN/FLASHER,FUNCTIONING PROPERLY,CLEAR,DARKNESS,PARKED MOTOR VEHICLE,ONE-WAY,,STRAIGHT AND LEVEL,DRY,NO DEFECTS,ON SCENE,NO INJURY / DRIVE AWAY,,,Y,"OVER $1,500",10/19/2020 09:30:00 AM,UNABLE TO DETERMINE,UNABLE TO DETERMINE,4601,S,KEELER AVE,815.0,,,,,,,2,NO INDICATION OF INJURY,0.0,0.0,0.0,0.0,0.0,1.0,0.0,7,2,10,41.809552119,-87.7283937,POINT (-87.728393700176 41.809552118993)
6d09a90aedf9e63ba5818a8cb1654ee5f12b7e9a7769b6a999be3566b24a0618d74b3acee937519e33e03bcffe0f5dbba8cae1dbf18e5f9a8d7290d6c99c3d74,,05/07/2019 07:00:00 PM,30,NO CONTROLS,NO CONTROLS,CLEAR,DUSK,FIXED OBJECT,ALLEY,,STRAIGHT AND LEVEL,DRY,UNKNOWN,NOT ON SCENE (DESK REPORT),NO INJURY / DRIVE AWAY,,,Y,"OVER $1,500",05/07/2019 08:05:00 PM,UNABLE TO DETERMINE,UNABLE TO DETERMINE,813,N,CENTRAL AVE,1524.0,,,,,,,1,NO INDICATION OF INJURY,0.0,0.0,0.0,0.0,0.0,1.0,0.0,19,3,5,41.895312589,-87.765263804,POINT (-87.765263804347 41.89531258899)
6231f1004ef36313fa540e88b4f67ae26ef0fdbd54c4c7ab63c4e009709e8e3eb783ecdebf79200d7afbd6c324feba706fc919ce294d7e6c1d9aa227db482605,,08/22/2020 09:50:00 AM,30,NO CONTROLS,NO CONTROLS,CLEAR,DAYLIGHT,TURNING,NOT DIVIDED,,STRAIGHT AND LEVEL,DRY,NO DEFECTS,NOT ON SCENE (DESK REPORT),NO INJURY / DRIVE AWAY,,,Y,"OVER $1,500",08/25/2020 10:00:00 AM,UNABLE TO DETERMINE,UNABLE TO DETERMINE,4420,W,ARMITAGE AVE,2522.0,,,,,,,2,NO INDICATION OF INJURY,0.0,0.0,0.0,0.0,0.0,2.0,0.0,9,7,8,41.917143136,-87.73731122,POINT (-87.737311219894 41.917143136426)
a1ade96d6fe2329b2ac126e80d639f33492693ef684201f09631e1ac69f995475e37736a79ccfcef6548335196447772930d7f01acea943429d8407fb0a20ab1,,02/28/2022 12:01:00 AM,30,NO CONTROLS,NO CONTROLS,CLEAR,"DARKNESS, LIGHTED ROAD",PARKED MOTOR VEHICLE,ONE-WAY,,STRAIGHT AND LEVEL,DRY,NO DEFECTS,NOT ON SCENE (DESK REPORT),NO INJURY / DRIVE AWAY,,,Y,"OVER $1,500",02/28/2022 04:30:00 PM,UNABLE TO DETERMINE,NOT APPLICABLE,4011,S,CAMPBELL AVE,921.0,,,,,,,2,NO INDICATION OF INJURY,0.0,0.0,0.0,0.0,0.0,1.0,0.0,0,2,2,41.820733868,-87.687101413,POINT (-87.687101412589 41.820733868019)
01a042be55833d0b9fd64ed0841226679a3d0ba7f5cd9ac7d63fb6ccf81317245e865272ad0a2fb43f5123d8c00236a081ff89ecf5a435b9b2dd26d5ecc8b5c3,,03/24/2022 05:55:00 AM,30,STOP SIGN/FLASHER,NO CONTROLS,CLEAR,DAYLIGHT,TURNING,NOT DIVIDED,,STRAIGHT AND LEVEL,DRY,NO DEFECTS,NOT ON SCENE (DESK REPORT),NO INJURY / DRIVE AWAY,Y,,,"OVER $1,500",03/24/2022 10:15:00 AM,IMPROPER TURNING/NO SIGNAL,FAILING TO YIELD RIGHT-OF-WAY,4801,W,LE MOYNE ST,2533.0,,,,,,,2,NO INDICATION OF INJURY,0.0,0.0,0.0,0.0,0.0,2.0,0.0,5,5,3,41.907690795,-87.74617733,POINT (-87.746177330468 41.907690794634)
63de6e8689d5b5a7acee20326cf3ea32a913c9db4876983b82443c4abe5822ddd448715ad575f62f08fd935c197daaac6abaabf0c02daf3144302bc3b346db8b,,07/09/2020 12:30:00 PM,30,UNKNOWN,UNKNOWN,CLEAR,DAYLIGHT,SIDESWIPE SAME DIRECTION,NOT DIVIDED,,STRAIGHT AND LEVEL,UNKNOWN,UNKNOWN,NOT ON SCENE (DESK REPORT),NO INJURY / DRIVE AWAY,,,,"$501 - $1,500",07/09/2020 01:20:00 PM,UNABLE TO DETERMINE,UNABLE TO DETERMINE,6215,N,HARLEM AVE,1612.0,,,,,,,2,NO INDICATION OF INJURY,0.0,0.0,0.0,0.0,0.0,2.0,0.0,12,5,7,41.993970768,-87.806686029,POINT (-87.806686029378 41.993970767775)
7523ed9b1c96c21095d13a458a172a05752402654e189ca791a532a3e39ff3bf748c595db21842abb3794b75b3065805962c4b22f5117be09e24df19a904b4fe,,03/17/2020 02:45:00 PM,30,NO CONTROLS,NO CONTROLS,CLEAR,DAYLIGHT,TURNING,NOT DIVIDED,,STRAIGHT AND LEVEL,DRY,NO DEFECTS,NOT ON SCENE (DESK REPORT),NO INJURY / DRIVE AWAY,Y,,,"OVER $1,500",03/17/2020 03:11:00 PM,UNABLE TO DETERMINE,NOT APPLICABLE,1600,W,19TH ST,1234.0,,,,,,,2,NO INDICATION OF INJURY,0.0,0.0,0.0,0.0,0.0,4.0,0.0,14,3,3,41.856081928,-87.666140424,POINT (-87.666140423639 41.85608192809)
a0caf7e5c4e1fb59b41cd08048b8ea1b9082303d623613ebab1d19172462f229dfd39a605e93d5c11bd2b25271fd000bfdcea4778c0d2d5de8d0022a2e4a5135,,06/08/2018 06:49:00 PM,30,TRAFFIC SIGNAL,FUNCTIONING PROPERLY,CLEAR,DAYLIGHT,ANGLE,DIVIDED - W/MEDIAN (NOT RAISED),,STRAIGHT AND LEVEL,DRY,NO DEFECTS,ON SCENE,NO INJURY / DRIVE AWAY,Y,,Y,"OVER $1,500",06/08/2018 06:51:00 PM,DISREGARDING TRAFFIC SIGNALS,NOT APPLICABLE,3200,W,WARREN BLVD,1123.0,,,,,,,2,NO INDICATION OF INJURY,0.0,0.0,0.0,0.0,0.0,3.0,0.0,18,6,6,41.881985004,-87.706287336,POINT (-87.706287335668 41.881985003773)
de9e301dd45173b5f72dd0ad346d2dd50be3a69ebcd8893d05c5844b41ec487b78bc11d2bd70dc1a23c99e52d3055681a349dcbbd0a01ab8b497e5608c140257,,09/06/2018 11:02:00 PM,30,NO CONTROLS,NO CONTROLS,CLEAR,"DARKNESS, LIGHTED ROAD",TURNING,NOT DIVIDED,2.0,STRAIGHT AND LEVEL,DRY,NO DEFECTS,ON SCENE,INJURY AND / OR TOW DUE TO CRASH,,,,"OVER $1,500",09/06/2018 11:04:00 PM,UNDER THE INFLUENCE OF ALCOHOL/DRUGS (USE WHEN ARREST IS EFFECTED),FAILING TO REDUCE SPEED TO AVOID CRASH,4425,S,KEDZIE AVE,922.0,,,,,,,2,NO INDICATION OF INJURY,0.0,0.0,0.0,0.0,0.0,2.0,0.0,23,5,9,41.812812923,-87.704012934,POINT (-87.704012934195 41.812812922666)
b7df550395f259dd6090572b51633f244abdb987ffed0666011c3676b8b64279aa6d8edf928ffb2e235e00a6bab777fa7c5df1afb4fbdb5d6121cbbdacc74b83,,11/21/2021 11:48:00 AM,15,NO CONTROLS,NO CONTROLS,CLEAR,DAYLIGHT,PARKED MOTOR VEHICLE,PARKING LOT,,STRAIGHT AND LEVEL,DRY,NO DEFECTS,ON SCENE,NO INJURY / DRIVE AWAY,,,,$500 OR LESS,11/21/2021 11:49:00 AM,UNABLE TO DETERMINE,UNABLE TO DETERMINE,4554,N,KEDZIE AVE,1724.0,,,,,,,2,NO INDICATION OF INJURY,0.0,0.0,0.0,0.0,0.0,6.0,0.0,11,1,11,41.964611762,-87.708499442,POINT (-87.70849944209 41.964611761758)
b80f1d644e6dc5c4821219ce0c05f17f33d9f089eaf6b48e20ea7b1efaf4fd983e915343e6cd49f33a5f5fd3cb374c5651a6dc3e6092a36fe923cabe492aab27,,10/13/2021 06:12:00 AM,30,TRAFFIC SIGNAL,FUNCTIONING PROPERLY,CLEAR,"DARKNESS, LIGHTED ROAD",TURNING,NOT DIVIDED,,STRAIGHT AND LEVEL,DRY,NO DEFECTS,NOT ON SCENE (DESK REPORT),NO INJURY / DRIVE AWAY,,,,"$501 - $1,500",10/13/2021 09:00:00 PM,UNABLE TO DETERMINE,UNABLE TO DETERMINE,1539,W,BRYN MAWR AVE,2012.0,,,,,,,2,NO INDICATION OF INJURY,0.0,0.0,0.0,0.0,0.0,2.0,0.0,6,4,10,41.983378084,-87.669027913,POINT (-87.669027912555 41.98337808411)
8376e4420ba261571685b3ec93114eff6ddcc7165cf7e4193bb8c6f03cdd6d60db02c3cab93c0b02543b59ca62dc35b7805e32a7bca5d36ff448d6b976b13049,,08/13/2018 10:49:00 PM,30,STOP SIGN/FLASHER,FUNCTIONING PROPERLY,CLEAR,"DARKNESS, LIGHTED ROAD",TURNING,NOT DIVIDED,,"CURVE, LEVEL",DRY,NO DEFECTS,ON SCENE,INJURY AND / OR TOW DUE TO CRASH,,,Y,"OVER $1,500",08/13/2018 10:55:00 PM,EXCEEDING AUTHORIZED SPEED LIMIT,UNABLE TO DETERMINE,5022,N,CENTRAL AVE,1622.0,,,,,,,3,NONINCAPACITATING INJURY,1.0,0.0,0.0,1.0,0.0,4.0,0.0,22,2,8,41.972283173,-87.768689618,POINT (-87.768689617668 41.972283173008)
56a83e7bfb26d5ef460eb540d3a668d20749b31cbd24513abe1e0390c48366bede0f77ab8facec764dc9b78e48729204d3067d5b240b017d742747f8db439e8e,,05/05/2018 09:00:00 PM,35,NO CONTROLS,NO CONTROLS,CLEAR,"DARKNESS, LIGHTED ROAD",SIDESWIPE SAME DIRECTION,DIVIDED - W/MEDIAN BARRIER,4.0,STRAIGHT AND LEVEL,DRY,UNKNOWN,NOT ON SCENE (DESK REPORT),NO INJURY / DRIVE AWAY,,,,"OVER $1,500",05/05/2018 09:35:00 PM,IMPROPER LANE USAGE,NOT APPLICABLE,6400,S,CORNELL DR,331.0,,,,,,,2,NO INDICATION OF INJURY,0.0,0.0,0.0,0.0,0.0,2.0,0.0,21,7,5,41.778686941,-87.58525645,POINT (-87.585256450246 41.778686940792)
17a3e240b6e4b17658cda9328267a32a9a79f3475dccb4c3a936150fe0bde3868306a34f47e10847dd04881ee126042e6bfaed41c140b90d083952c3c689dd07,,02/08/2018 06:00:00 PM,30,NO CONTROLS,NO CONTROLS,CLEAR,"DARKNESS, LIGHTED ROAD",REAR END,ONE-WAY,3.0,STRAIGHT AND LEVEL,WET,NO DEFECTS,NOT ON SCENE (DESK REPORT),NO INJURY / DRIVE AWAY,,,,"OVER $1,500",02/08/2018 06:20:00 PM,UNABLE TO DETERMINE,NOT APPLICABLE,190,W,GRAND AVE,1831.0,,,,,,,2,NO INDICATION OF INJURY,0.0,0.0,0.0,0.0,0.0,2.0,0.0,18,5,2,41.891697629,-87.633996194,POINT (-87.633996193764 41.891697628679)
47bb18b74a2f786bf465effed05ca4ae1cbf8eaa4b8542c3b5db1aebc0ba19cdc5bc7f3a613b8a092f1e83359947f95094fcec6213d07fd1eb0e23f75d3d8453,,05/30/2020 06:50:00 AM,30,STOP SIGN/FLASHER,FUNCTIONING PROPERLY,CLEAR,DAYLIGHT,ANGLE,NOT DIVIDED,,STRAIGHT AND LEVEL,DRY,UNKNOWN,ON SCENE,INJURY AND / OR TOW DUE TO CRASH,,,Y,"OVER $1,500",05/30/2020 06:59:00 AM,UNABLE TO DETERMINE,NOT APPLICABLE,3199,W,FLOURNOY ST,1134.0,,,,,,,2,NO INDICATION OF INJURY,0.0,0.0,0.0,0.0,0.0,2.0,0.0,6,7,5,41.872669993,-87.70576309,POINT (-87.705763090465 41.872669993116)
